{"cameraMode":{"drawMode":0,"name":"Shaded","section":"Shading Mode"},"sceneLighting":true,"audioPlay":false,"sceneViewState":{"m_AlwaysRefresh":false,"showFog":true,"showSkybox":true,"showFlares":true,"showImageEffects":true,"showParticleSystems":true,"showVisualEffectGraphs":true,"m_FxEnabled":true},"in2DMode":false,"pivot":{"x":17.85010528564453,"y":19.163875579833986,"z":24.607593536376954},"rotation":{"x":0.010571528226137162,"y":0.9895718097686768,"z":-0.09528397768735886,"w":0.109127476811409},"size":20.188602447509767,"orthographic":false}